,Models,Accuracy,R2,MSE,F1,Recall
0,Logistic Regression,0.9689265536723164,0.9086535539839412,3.0706214689265536,0.9672818592478675,0.9689265536723164
1,Random Forest,0.9887005649717514,0.9623521547238323,1.265536723163842,0.9865213882163035,0.9887005649717514
2,Refine RF,0.9915254237288136,0.9744532478483148,0.8587570621468926,0.9919020715630885,0.9915254237288136
3,XGBoost,0.9858757062146892,0.9579823155399914,1.4124293785310735,0.9853757208921904,0.9858757062146892
4,KNN,0.9745762711864406,0.9358810135140267,2.1553672316384183,0.9738300931514522,0.9745762711864406
5,Decision Tree,0.9717514124293786,0.8903338435593774,3.6864406779661016,0.9715193413416239,0.9717514124293786
6,Gaussian NB,0.9858757062146892,0.9615958364035521,1.2909604519774012,0.9861956908612641,0.9858757062146892
7,Neural Network,0.9689265536723164,0.9036954672176601,3.23728813559322,0.9638148565151692,0.9689265536723164
